Wavelength,Intensity
190.03738814827884,814
190.1024134583397,748
190.1674391684325,780
190.23246527751752,759
190.29749178455458,780
190.36251868850323,743
190.4275459883223,810
190.49257368297035,764
190.55760177140547,827
190.62263025258528,738
190.68765912546695,827
190.75268838900723,791
190.81771804216243,842
190.88274808388843,763
190.94777851314058,793
191.01280932887383,729
191.07784053004275,809
191.1428721156014,763
191.2079040845033,845
191.27293643570178,812
191.33796916814956,832
191.40300228079883,758
191.46803577260152,805
191.53306964250896,800
191.59810388947218,790
191.66313851244166,766
191.7281735103674,843
191.79320888219914,784
191.858244626886,802
191.9232807433767,779
191.9883172306195,787
192.0533540875623,779
192.11839131315244,844
192.18342890633693,795
192.24846686606222,851
192.3135051912744,731
192.37854388091907,865
192.4435829339414,808
192.50862234928616,821
192.57366212589753,809
192.63870226271945,843
192.70374275869523,774
192.7687836127679,788
192.83382482387987,760
192.89886639097327,834
192.96390831298964,771
193.02895058887023,835
193.09399321755566,772
193.15903619798624,820
193.22407952910186,817
193.28912320984185,811
193.35416723914517,767
193.4192116159503,848
193.48425633919527,778
193.5493014078177,804
193.61434682075478,795
193.67939257694317,831
193.74443867531923,752
193.8094851148187,817
193.874531894377,780
193.93957901292902,785
194.0046264694093,799
194.06967426275185,820
194.13472239189028,800
194.19977085575778,814
194.264819653287,816
194.3298687834102,839
194.39491824505927,780
194.45996803716557,824
194.52501815865998,761
194.590068608473,804
194.65511938553465,789
194.7201704887746,872
194.78522191712196,792
194.85027366950538,838
194.91532574485325,814
194.9803781420932,836
195.04543086015272,768
195.11048389795877,798
195.17553725443773,803
195.24059092851567,797
195.30564491911824,824
195.37069922517045,838
195.43575384559713,765
195.50080877932248,815
195.56586402527026,790
195.63091958236393,842
195.69597544952637,735
195.76103162568003,836
195.82608810974696,785
195.89114490064878,855
195.95620199730655,837
196.02125939864098,811
196.08631710357238,782
196.15137511102054,858
196.2164334199048,791
196.281492029144,856
196.34655093765676,817
196.41161014436096,843
196.47666964817427,821
196.54172944801377,875
196.60678954279618,800
196.67184993143775,858
196.73691061285427,777
196.80197158596113,866
196.8670328496731,827
196.93209440290482,868
196.99715624457016,823
197.06221837358282,844
197.12728078885587,799
197.19234348930198,849
197.2574064738334,812
197.32246974136197,875
197.38753329079898,806
197.4525971210553,897
197.5176612310415,822
197.58272561966749,860
197.64779028584292,803
197.71285522847688,861
197.777920446478,852
197.84298593875457,863
197.90805170421433,810
197.9731177417647,825
198.03818405031254,804
198.10325062876427,912
198.16831747602598,809
198.23338459100313,837
198.29845197260087,810
198.36351961972397,850
198.42858753127646,818
198.49365570616237,860
198.55872414328485,780
198.62379284154687,857
198.68886179985088,823
198.7539310170988,887
198.81900049219234,816
198.88407022403246,866
198.94914021151993,830
199.0142104535549,893
199.0792809490372,761
199.14435169686618,880
199.20942269594067,831
199.27449394515915,887
199.33956544341962,852
199.40463718961956,882
199.4697091826562,800
199.53478142142615,881
199.59985390482558,791
199.66492663175032,866
199.72999960109564,805
199.7950728117565,880
199.86014626262732,864
199.92521995260202,869
199.99029388057423,821
200.05536804543706,860
200.12044244608308,812
200.18551708140456,900
200.25059195029328,806
200.3156670516405,878
200.3807423843372,842
200.44581794727372,858
200.5108937393401,808
200.57596975942587,861
200.64104600642008,773
200.7061224792115,853
200.77119917668819,783
200.836276097738,854
200.90135324124822,824
200.96643060610577,850
201.03150819119705,818
201.096585995408,833
201.1616640176242,763
201.22674225673072,888
201.29182071161222,789
201.3568993811529,871
201.42197826423654,830
201.48705735974644,883
201.55213666656547,822
201.61721618357603,810
201.68229590966013,837
201.74737584369925,873
201.81245598457448,781
201.8775363311665,883
201.94261688235557,837
202.00769763702132,868
202.07277859404311,852
202.1378597522998,910
202.20294111066983,789
202.26802266803108,840
202.3331044232612,822
202.3981863752372,882
202.46326852283576,783
202.52835086493306,930
202.5934334004048,834
202.6585161281263,861
202.72359904697248,851
202.78868215581764,883
202.85376545353586,853
202.9188489390006,873
202.98393261108495,806
203.04901646866156,907
203.11410051060258,849
203.17918473577976,916
203.2442691430644,836
203.3093537313274,897
203.3744384994391,835
203.4395234462695,846
203.5046085706881,780
203.56969387156397,900
203.63477934776577,862
203.6998649981616,875
203.76495082161927,863
203.8300368170061,912
203.8951229831888,824
203.96020931903394,879
204.02529582340736,783
204.09038249517462,861
204.15546933320076,822
204.2205563363504,890
204.28564350348776,855
204.35073083347655,865
204.41581832518006,874
204.48090597746108,889
204.5459937891821,791
204.61108175920498,933
204.67616988639128,816
204.74125816960202,899
204.80634660769786,812
204.87143519953898,897
204.93652394398507,838
205.0016128398954,872
205.06670188612887,863
205.13179108154375,876
205.1968804249981,788
205.26196991534945,905
205.32705955145474,812
205.39214933217067,871
205.45723925635335,860
205.5223293228585,826
205.5874195305414,850
205.65250987825695,854
205.71760036485946,829
205.7826909892029,856
205.84778175014077,795
205.91287264652613,893
205.97796367721153,849
206.04305484104916,812
206.10814613689078,850
206.1732375635876,851
206.2383291199905,794
206.30342080494984,902
206.3685126173155,790
206.43360455593705,839
206.49869661966355,789
206.56378880734346,869
206.62888111782507,819
206.69397354995607,817
206.75906610258374,843
206.8241587745548,824
206.88925156471572,758
206.95434447191244,817
207.01943749499037,814
207.0845306327946,849
207.14962388416973,800
207.21471724795987,873
207.27981072300878,810
207.3449043081597,811
207.40999800225543,754
207.47509180413834,872
207.54018571265036,816
207.60527972663297,893
207.67037384492724,833
207.7354680663737,819
207.80056238981257,870
207.86565681408348,862
207.93075133802571,796
207.9958459604781,880
208.06094068027895,787
208.12603549626624,867
208.19113040727743,865
208.25622541214955,884
208.3213205097192,800
208.38641569882245,825
208.451510978295,817
208.5166063469722,848
208.58170180368884,802
208.6467973472792,872
208.71189297657725,800
208.77698869041646,872
208.84208448762982,856
208.9071803670499,825
208.9722763275089,800
209.0373723678385,844
209.1024684868699,778
209.1675646834339,868
209.2326609563609,800
209.2977573044808,884
209.362853726623,808
209.42795022161664,821
209.49304678829014,866
209.55814342547177,820
209.62324013198915,826
209.68833690666955,828
209.75343374833975,788
209.81853065582607,843
209.8836276279544,814
209.94872466355028,875
210.01382176143872,828
210.0789189204442,818
210.14401613939094,799
210.20911341710257,849
210.27421075240235,767
210.339308144113,826
210.40440559105696,823
210.46950309205607,851
210.53460064593176,824
210.59969825150515,827
210.66479590759673,795
210.7298936130266,885
210.79499136661445,787
210.86008916717952,854
210.9251870135406,769
210.99028490451605,887
211.05538283892375,812
211.1204808155811,861
211.18557883330516,843
211.25067689091247,834
211.3157749872191,769
211.38087312104082,828
211.4459712911928,784
211.5110694964898,827
211.57616773574617,779
211.6412660077758,878
211.70636431139215,798
211.7714626454082,838
211.8365610086365,797
211.90165939988916,831
211.96675781797788,737
212.03185626171384,839
212.09695472990782,791
212.16205322137017,830
212.22715173491076,847
212.292250269339,866
212.35734882346395,851
212.4224473960941,899
212.4875459860376,801
212.55264459210207,859
212.6177432130947,783
212.68284184782237,873
212.74794049509129,815
212.81303915370734,852
212.87813782247605,825
212.94323650020237,845
213.00833518569078,808
213.07343387774546,841
213.13853257517002,770
213.20363127676768,878
213.26872998134118,820
213.3338286876929,886
213.39892739462462,828
213.4640261009379,837
213.52912480543358,863
213.5942235069123,840
213.65932220417412,775
213.72442089601864,834
213.78951958124517,806
213.85461825865238,855
213.91971692703862,796
213.9848155852018,835
214.04991423193925,815
214.11501286604798,867
214.1801114863246,811
214.24521009156507,856
214.3103086805651,827
214.37540725211994,853
214.4405058050243,847
214.5056043380724,859
214.57070285005824,836
214.6358013397752,805
214.7008998060162,778
214.7659982475738,867
214.83109666324012,745
214.89619505180676,858
214.9612934120649,810
215.02639174280532,835
215.09149004281832,841
215.1565883108937,818
215.22168654582094,841
215.28678474638903,863
215.3518829113864,777
215.41698103960127,914
215.4820791298211,799
215.54717718083322,828
215.6122751914243,859
215.6773731603806,876
215.74247108648808,835
215.80756896853208,857
215.87266680529757,804
215.9377645955691,879
216.00286233813074,786
216.06796003176606,929
216.13305767525824,858
216.19815526739012,820
216.2632528069439,875
216.3283502927015,855
216.39344772344424,794
216.45854509795313,873
216.5236424150087,776
216.58873967339093,859
216.65383687187958,825
216.71893400925367,857
216.78403108429208,784
216.849128095773,864
216.91422504247433,835
216.97932192317342,874
217.04441873664726,810
217.1095154816723,884
217.17461215702465,808
217.23970876147996,889
217.30480529381333,867
217.36990175279954,859
217.43499813721286,832
217.50009444582713,874
217.56519067741573,798
217.63028683075157,881
217.69538290460724,785
217.76047889775475,878
217.8255748089657,825
217.89067063701125,841
217.95576638066223,872
218.02086203868876,826
218.08595760986074,859
218.1510530929476,902
218.21614848671817,840
218.2812437899411,874
218.34633900138434,821
218.41143411981554,913
218.47652914400183,845
218.54162407270988,896
218.6067189047061,857
218.67181363875622,864
218.73690827362566,820
218.8020028080793,900
218.8670972408817,862
218.93219157079685,894
218.99728579658836,874
219.06237991701948,866
219.1274739308528,832
219.19256783685063,907
219.25766163377486,851
219.32275532038673,895
219.38784889544732,841
219.45294235771698,936
219.51803570595584,853
219.5831289389235,873
219.64822205537902,881
219.71331505408125,910
219.77840793378832,836
219.8435006932581,958
219.90859333124803,864
219.9736858465149,898
220.03877823781525,839
220.10387050390514,906
220.16896264354017,903
220.2340546554755,898
220.29914653846575,901
220.36423829126525,901
220.42932991262776,853
220.49442140130668,947
220.55951275605494,873
220.624603975625,910
220.68969505876885,886
220.75478600423818,892
220.81987681078405,865
220.88496747715718,916
220.9500580021078,833
221.01514838438572,923
221.08023862274035,878
221.14532871592058,920
221.21041866267487,830
221.27550846175126,912
221.3405981118973,881
221.40568761186015,877
221.47077696038647,874
221.5358661562226,889
221.60095519811424,838
221.66604408480683,910
221.73113281504519,816
221.79622138757387,937
221.86130980113677,840
221.92639805447766,853
221.99148614633947,859
222.05657407546502,924
222.12166184059652,802
222.18674944047575,950
222.25183687384404,824
222.3169241394423,869
222.38201123601107,898
222.44709816229027,905
222.51218491701954,865
222.57727149893796,858
222.6423579067842,838
222.70744413929657,917
222.7725301952128,830
222.83761607327023,888
222.90270177220577,825
222.9677872907559,867
223.03287262765664,868
223.09795778164352,847
223.16304275145168,822
223.2281275358158,888
223.2932121334701,833
223.3582965431483,878
223.42338076358388,801
223.48846479350962,895
223.55354863165806,848
223.61863227676116,834
223.68371572755044,855
223.74879898275705,848
223.81388204111167,831
223.87896490134452,878
223.94404756218543,831
224.00913002236365,867
224.07421228060812,856
224.1392943356473,935
224.20437618620912,847
224.26945783102119,869
224.33453926881063,855
224.39962049830405,918
224.46470151822774,823
224.52978232730746,889
224.59486292426848,818
224.6599433078358,931
224.72502347673367,849
224.79010342968633,871
224.8551831654171,818
224.92026268264925,893
224.98534198010537,817
225.05042105650767,904
225.11549991057794,803
225.18057854103753,887
225.24565694660728,854
225.31073512600761,838
225.37581307795853,840
225.44089080117965,883
225.50596829438996,813
225.5710455563082,879
225.63612258565252,815
225.70119938114075,882
225.76627594149008,835
225.8313522654176,878
225.8964283516395,825
225.96150419887198,821
226.02657980583047,803
226.09165517123003,887
226.1567302937854,803
226.22180517221068,874
226.28687980521974,814
226.35195419152586,843
226.41702832984188,837
226.48210221888024,869
226.54717585735295,809
226.6122492439715,877
226.67732237744696,797
226.74239525649003,846
226.8074678798109,808
226.87254024611934,874
226.9376123541246,792
227.00268420253562,808
227.06775579006077,803
227.13282711540796,864
227.19789817728488,799
227.2629689743985,878
227.32803950545548,796
227.39310976916207,781
227.45817976422393,806
227.5232494893464,817
227.58831894323436,745
227.65338812459225,866
227.71845703212395,778
227.78352566453304,803
227.8485940205226,768
227.91366209879524,888
227.97872989805325,801
228.04379741699822,819
228.10886465433154,827
228.17393160875403,844
228.23899827896614,762
228.3040646636678,864
228.36913076155858,753
228.43419657133745,839
228.49926209170312,770
228.5643273213538,855
228.62939225898714,816
228.69445690330048,806
228.75952125299074,787
228.8245853067542,809
228.88964906328687,779
228.95471252128425,858
229.0197756794415,799
229.08483853645308,839
229.1499010910133,804
229.21496334181586,849
229.28002528755405,769
229.34508692692071,853
229.41014825860825,797
229.4752092813086,812
229.54026999371322,752
229.60533039451332,798
229.67039048239937,786
229.73545025606163,808
229.80050971418981,806
229.86556885547319,854
229.93062767860062,713
229.99568618226039,821
230.06074436514066,800
230.12580222592877,835
230.19085976331183,723
230.25591697597642,814
230.32097386260878,774
230.38603042189456,826
230.45108665251905,781
230.51614255316716,779
230.58119812252318,709
230.64625335927107,829
230.71130826209438,761
230.77636282967615,786
230.84141706069894,799
230.906470953845,806
230.97152450779595,794
231.03657772123313,824
231.10163059283735,765
231.16668312128897,819
231.231735305268,751
231.29678714345383,867
231.3618386345256,794
231.42688977716188,784
231.49194057004075,821
231.55699101184007,801
231.62204110123704,773
231.68709083690845,849
231.75214021753072,786
231.8171892417798,886
231.88223790833112,800
231.9472862158597,850
232.01233416304024,768
232.07738174854686,839
232.14242897105325,845
232.20747582923266,816
232.27252232175795,749
232.33756844730146,840
232.40261420453507,783
232.4676595921304,832
232.53270460875834,800
232.59774925308957,778
232.66279352379425,772
232.72783741954203,853
232.79288093900217,810
232.85792408084347,824
232.92296684373443,769
232.98800922634277,868
233.0530512273361,798
233.11809284538148,823
233.18313407914536,788
233.248174927294,828
233.3132153884931,742
233.37825546140783,831
233.443295144703,745
233.5083344370431,816
233.5733733370919,772
233.63841184351298,855
233.70344995496933,797
233.7684876701235,798
233.83352498763765,760
233.89856190617346,802
233.96359842439222,787
234.0286345409547,826
234.09367025452127,807
234.15870556375185,834
234.2237404673059,827
234.2887749638424,847
234.35380905201995,807
234.41884273049675,829
234.4838759979304,785
234.5489088529782,861
234.6139412942969,787
234.6789733205429,865
234.74400493037206,786
234.8090361224399,860
234.8740668954014,846
234.9390972479111,873
235.00412717862318,784
235.06915668619132,817
235.13418576926873,750
235.1992144265082,849
235.26424265656212,816
235.3292704580824,872
235.39429782972041,814
235.45932477012724,861
235.5243512779534,842
235.58937735184907,858
235.6544029904639,738
235.71942819244714,875
235.78445295644752,826
235.84947728111345,849
235.91450116509276,853
235.979524607033,817
236.0445476055811,841
236.10957015938362,847
236.17459226708672,780
236.23961392733602,836
236.30463513877683,820
236.36965590005383,860
236.43467620981144,843
236.49969606669347,832
236.5647154693435,804
236.62973441640437,874
236.69475290651872,822
236.75977093832864,845
236.82478851047586,772
236.88980562160157,846
236.95482227034645,813
237.01983845535096,883
237.08485417525497,824
237.14986942869785,858
237.21488421431863,855
237.2798985307559,888
237.3449123766477,841
237.40992575063177,860
237.47493865134527,807
237.53995107742497,865
237.60496302750724,842
237.66997450022788,874
237.73498549422243,824
237.7999960081258,855
237.86500604057258,804
237.93001559019686,879
237.99502465563228,835
238.06003323551212,918
238.125041328469,829
238.19004893313544,842
238.25505604814316,869
238.32006267212364,839
238.3850688037079,795
238.45007444152643,864
238.51507958420933,825
238.5800842303863,832
238.64508837868652,763
238.71009202773868,915
238.77509517617122,884
238.84009782261194,860
238.9050999656883,784
238.97010160402723,807
239.03510273625534,869
239.10010336099862,922
239.1651034768828,830
239.23010308253305,842
239.29510217657412,829
239.36010075763033,876
239.4250988243256,863
239.4900963752833,829
239.55509340912636,789
239.62008992447736,894
239.68508591995837,796
239.75008139419106,893
239.81507634579663,786
239.88007077339577,794
239.9450646756089,889
240.01005805105572,848
240.07505089835576,812
240.140043216128,841
240.20503500299088,795
240.27002625756253,904
240.33501697846066,792
240.4000071643023,864
240.46499681370435,762
240.52998592528297,849
240.59497449765416,846
240.65996252943322,836
240.72495001923517,756
240.7899369656745,841
240.8549233673653,838
240.9199092229212,871
240.98489453095542,842
241.04987929008067,854
241.1148634989092,858
241.17984715605292,871
241.24483026012322,803
241.30981280973108,885
241.37479480348696,831
241.439776240001,925
241.5047571178828,857
241.56973743574147,855
241.63471719218583,884
241.69969638582418,887
241.76467501526434,818
241.82965307911368,868
241.89463057597916,809
241.95960750446736,898
242.02458386318423,809
242.08955965073548,885
242.15453486572625,826
242.2195095067613,876
242.2844835724449,833
242.3494570613809,860
242.41442997217268,788
242.47940230342311,887
242.54437405373486,838
242.60934522170987,830
242.6743158059498,810
242.7392858050558,836
242.80425521762862,807
242.86922404226854,877
242.9341922775753,799
242.99915992214846,835
243.06412697458683,858
243.12909343348898,913
243.19405929745295,886
243.25902456507632,843
243.32398923495631,825
243.3889533056895,879
243.45391677587241,790
243.51887964410065,859
243.5838419089697,767
243.6488035690745,830
243.7137646230095,815
243.7787250693688,861
243.84368490674595,819
243.90864413373419,789
243.97360274892614,813
244.03856075091414,873
244.10351813829,802
244.16847490964508,853
244.23343106357035,798
244.29838659865626,840
244.3633415134929,880
244.42829580666975,831
244.49324947677613,844
244.55820252240068,845
244.62315494213166,802
244.68810673455684,870
244.7530578982637,755
244.81800843183908,890
244.88295833386945,834
244.94790760294097,869
245.01285623763917,843
245.07780423654916,843
245.14275159825567,823
245.20769832134292,861
245.2726444043948,854
245.33758984599467,897
245.40253464472548,843
245.46747879916956,861
245.53242230790906,880
245.59736516952557,899
245.66230738260026,840
245.72724894571377,869
245.79218985744632,822
245.85713011637782,894
245.92206972108755,847
245.9870086701545,834
246.0519469621571,882
246.11688459567338,869
246.18182156928094,805
246.2467578815569,843
246.31169353107796,795
246.37662851642037,901
246.44156283615996,798
246.50649648887207,894
246.57142947313156,809
246.636361787513,837
246.70129343059037,886
246.76622440093718,881
246.83115469712666,833
246.89608431773144,896
246.9610132613238,822
247.02594152647555,871
247.090869111758,810
247.15579601574208,870
247.22072223699828,842
247.28564777409656,865
247.35057262560653,877
247.4154967900973,883
247.48042026613763,831
247.54534305229564,905
247.61026514713922,848
247.67518654923566,874
247.74010725715183,881
247.8050272694543,939
247.86994658470903,878
247.93486520148153,886
247.99978311833704,887
248.06470033384014,936
248.12961684655508,867
248.19453265504566,991
248.25944775787528,951
248.32436215360676,885
248.38927584080258,876
248.45418881802473,893
248.51910108383484,873
248.584012636794,879
248.64892347546277,798
248.71383359840155,852
248.77874300417002,816
248.84365169132752,878
248.90855965843303,853
248.9734669040449,895
249.03837342672117,828
249.1032792250194,898
249.1681842974967,819
249.23308864270973,880
249.29799225921477,807
249.36289514556748,824
249.42779730032328,867
249.49269872203706,849
249.55759940926328,818
249.62249936055585,891
249.68739857446835,780
249.75229704955393,869
249.81719478436526,796
249.88209177745455,897
249.94698802737355,847
250.01188353267358,864
250.07677829190555,888
250.14167230361983,846
250.2065655663665,812
250.2714580786951,891
250.3363498391547,822
250.40124084629397,872
250.46613109866112,869
250.53102059480392,876
250.59590933326965,827
250.6607973126053,895
250.72568453135713,882
250.79057098807132,844
250.85545668129328,800
250.92034160956817,897
250.98522577144058,857
251.05010916545478,887
251.11499179015456,802
251.17987364408307,900
251.24475472578342,804
251.30963503379786,914
251.37451456666847,857
251.43939332293672,847
251.50427130114375,794
251.56914849983013,902
251.63402491753615,815
251.69890055280155,876
251.76377540416567,875
251.82864947016728,887
251.89352274934487,829
251.95839524023643,869
252.02326694137943,828
252.08813785131105,941
252.15300796856786,829
252.21787729168602,952
252.2827458192014,876
252.34761354964925,924
252.41248048156442,930
252.47734661348133,944
252.54221194393395,920
252.60707647145583,1002
252.67194019458,956
252.73680311183915,991
252.8016652217655,934
252.86652652289072,964
252.93138701374613,979
252.99624669286263,1052
253.0611055587706,999
253.12596360999999,1117
253.19082084508034,1078
253.25567726254076,1155
253.32053286090982,1146
253.38538763871577,1349
253.4502415944863,1780
253.51509472674874,3591
253.5799470340299,23747
253.64479851485623,65535
253.70964916775372,65535
253.7744989912478,65535
253.8393479838636,10869
253.9041961441257,2219
253.9690434705584,1439
254.03388996168525,1251
254.0987356160297,1075
254.16358043211454,1164
254.22842440846216,1007
254.29326754359454,1015
254.35810983603312,967
254.4229512842991,925
254.48779188691302,964
254.55263164239508,981
254.61747054926494,889
254.68230860604194,947
254.74714581124496,896
254.81198216339234,908
254.8768176610021,904
254.94165230259162,978
255.0064860866781,873
255.07131901177806,860
255.13615107640774,930
255.20098227908278,926
255.26581261831856,885
255.3306420926299,882
255.39547070053106,798
255.4602984405362,921
255.52512531115866,807
255.58995131091157,896
255.6547764383075,843
255.71960069185863,863
255.78442407007668,876
255.84924657147295,885
255.9140681945582,792
255.97888893784295,905
256.04370879983696,835
256.1085277790499,912
256.17334587399074,894
256.2381630831681,878
256.3029794050901,816
256.36779483826456,849
256.43260938119863,854
256.4974230323991,911
256.5622357903726,791
256.6270476536249,916
256.6918586206614,850
256.75666868998724,875
256.82147786010705,871
256.8862861295249,875
256.9510934967446,806
257.0158999602694,865
257.08070551860214,845
257.145510170245,879
257.2103139137002,847
257.27511674746904,849
257.3399186700526,832
257.40471967995154,882
257.4695197756658,885
257.5343189556954,847
257.59911721853933,836
257.6639145626966,906
257.7287109866655,875
257.7935064889439,888
257.85830106802933,855
257.92309472241885,852
257.98788745060904,817
258.052679251096,877
258.11747012237544,826
258.1822600629427,843
258.2470490712925,824
258.3118371459193,910
258.3766242853169,822
258.4414104879789,845
258.5061957523981,873
258.57098007706736,874
258.63576346047876,833
258.7005459011238,855
258.765327397494,824
258.83010794807996,898
258.8948875513722,819
258.9596662058605,896
259.02444391003434,841
259.08922066238284,876
259.15399646139457,835
259.2187713055576,907
259.2835451933596,838
259.3483181232879,904
259.4130900938293,802
259.47786110347,893
259.54263115069614,881
259.60740023399296,873
259.67216835184564,822
259.73693550273873,923
259.8017016851564,838
259.86646689758214,898
259.93123113849936,856
259.9959944063908,923
260.0607566997389,819
260.12551801702546,865
260.19027835673194,913
260.2550377173394,880
260.3197960973284,791
260.38455349517903,887
260.44930990937104,808
260.51406533838366,888
260.5788197806955,840
260.64357323478515,861
260.70832569913046,845
260.77307717220873,872
260.837827652497,850
260.9025771384721,868
260.96732562860996,794
261.03207312138613,892
261.09681961527593,792
261.1615651087543,845
261.22630960029545,872
261.2910530883732,843
261.3557955714611,844
261.42053704803214,834
261.48527751655894,790
261.55001697551336,866
261.61475542336746,781
261.67949285859214,860
261.7442292796583,765
261.8089646850364,829
261.8736990731961,827
261.93843244260694,812
262.003164791738,760
262.06789611905776,890
262.1326264230343,794
262.19735570213527,867
262.262083954828,792
262.3268111795792,874
262.3915373748551,793
262.4562625391217,877
262.5209866708446,803
262.58570976848847,868
262.650431830518,787
262.7151528553974,868
262.7798728415902,766
262.8445917875596,829
262.9093096917683,842
262.97402655267894,849
263.03874236875305,816
263.10345713845237,805
263.1681708602376,808
263.2328835325694,855
263.29759515390793,776
263.3623057227128,850
263.4270152374432,830
263.49172369655787,874
263.55643109851525,849
263.62113744177304,808
263.68584272478887,825
263.75054694601954,859
263.8152501039216,817
263.8799521969513,878
263.9446532235641,778
264.0093531822154,846
264.0740520713598,821
264.1387498894518,840
264.20344663494495,801
264.26814230629293,793
264.3328369019487,793
264.3975304203647,836
264.4622228599931,830
264.52691421928546,840
264.5916044966931,806
264.65629369066664,844
264.7209817996564,822
264.78566882211237,833
264.8503547564838,802
264.91503960121986,841
264.9797233547689,784
265.04440601557917,857
265.1090875820981,820
265.1737680527731,937
265.2384474260508,974
265.3031257003774,968
265.36780287419896,874
265.4324789459608,888
265.49715391410797,796
265.5618277770848,889
265.62650053333556,844
265.69117218130384,847
265.75584271943274,806
265.82051214616513,834
265.8851804599431,800
265.9498476592088,830
266.0145137424034,797
266.07917870796797,829
266.14384255434305,797
266.2085052799686,860
266.2731668832844,817
266.33782736272946,848
266.40248671674266,818
266.4671449437622,832
266.53180204222593,794
266.59645801057144,834
266.6611128472355,784
266.72576655065455,883
266.7904191192648,844
266.8550705515019,801
266.91972084580095,767
266.9843700005967,860
267.04901801432345,807
267.113664885415,852
267.17831061230487,740
267.2429551934258,833
267.30759862721055,792
267.37224091209094,911
267.43688204649885,824
267.50152202886517,830
267.56616085762084,772
267.63079853119604,830
267.69543504802056,787
267.76007040652394,894
267.8247046051351,805
267.88933764228244,858
267.953969516394,797
268.01860022589767,823
268.0832297692203,847
268.1478581447886,830
268.21248535102916,809
268.2771113863675,850
268.3417362492292,807
268.40635993803915,879
268.47098245122186,849
268.53560378720124,800
268.6002239444011,823
268.66484292124454,905
268.7294607161541,819
268.7940773275524,892
268.85869275386096,786
268.92330699350134,857
268.98792004489434,832
269.05253190646056,881
269.11714257662,850
269.1817520537923,845
269.24636033639655,820
269.3109674228515,862
269.3755733115755,812
269.44017800098624,817
269.5047814895011,798
269.5693837755371,880
269.63398485751077,833
269.69858473383806,826
269.7631834029345,806
269.8277808632153,897
269.8923771130952,848
269.95697215098846,892
270.02156597530893,803
270.0861585844699,891
270.15074997688436,876
270.2153401509648,828
270.2799291051232,852
270.3445168377711,881
270.4091033473198,815
270.47368863217986,876
270.53827269076163,800
270.60285552147496,858
270.66743712272904,810
270.7320174929329,895
270.7965966304951,866
270.86117453382354,874
270.92575120132585,859
270.9903266314093,903
271.0549008224803,855
271.11947377294535,871
271.18404548121015,833
271.24861594568006,867
271.31318516476006,853
271.37775313685455,853
271.4423198603676,805
271.50688533370277,844
271.5714495552632,823
271.63601252345165,860
271.70057423667026,832
271.7651346933209,910
271.8296938918048,808
271.89425183052316,859
271.9588085078761,858
272.02336392226385,882
272.0879180720859,785
272.15247095574153,860
272.2170225716292,771
272.2815729181473,899
272.34612199369366,867
272.4106697966655,902
272.47521632545977,858
272.539761578473,871
272.6043055541011,829
272.6688482507398,915
272.73338966678403,805
272.79792980062865,895
272.86246865066767,861
272.9270062152951,878
272.9915424929043,885
273.05607748188794,854
273.1206111806387,811
273.18514358754845,926
273.24967470100887,815
273.31420451941096,852
273.37873304114555,819
273.4432602646027,845
273.5077861881723,845
273.57231081024366,865
273.6368341292057,890
273.7013561434469,881
273.76587685135513,804
273.830396251318,894
273.8949143417228,818
273.959431120956,875
274.02394658740394,844
274.08846073945233,898
274.1529735754865,841
274.2174850938914,885
274.2819952930514,889
274.34650417135066,896
274.41101172717254,845
274.47551795890024,896
274.5400228649164,866
274.6045264436033,904
274.6690286933426,870
274.7335296125157,896
274.7980291995036,902
274.86252745268655,913
274.92702437044477,870
274.99151995115744,877
275.0560141932041,808
275.12050709496305,959
275.18499865481266,882
275.24948887113084,919
275.3139777422946,940
275.37846526668113,904
275.44295144266664,813
275.5074362686273,935
275.5719197429385,833
275.6364018639754,870
275.70088263011274,848
275.76536203972455,894
275.82984009118474,851
275.8943167828666,890
275.958792113143,849
276.0232660803863,918
276.0877386829685,845
276.15220991926134,925
276.2166797876357,885
276.28114828646227,908
276.34561541411125,933
276.41008116895256,916
276.47454554935524,866
276.53900855368835,886
276.60347018032024,848
276.667930427619,908
276.732389293952,832
276.79684677768637,925
276.86130287718896,893
276.9257575908257,864
276.99021091696244,878
277.05466285396454,884
277.11911340019685,848
277.1835625540237,892
277.2480103138091,826
277.3124566779167,861
277.37690164470945,804
277.44134521255,914
277.5057873798007,812
277.5702281448231,871
277.63466750597854,828
277.699105461628,838
277.7635420101318,779
277.8279771498499,858
277.8924108791419,829
277.9568431963668,860
278.02127409988327,855
278.08570358804945,897
278.15013165922323,833
278.2145583117618,838
278.2789835440219,842
278.3434073543601,891
278.40782974113245,804
278.4722507026943,914
278.5366702374007,851
278.6010883436063,869
278.66550501966555,881
278.7299202639318,846
278.79433407475864,783
278.85874645049864,883
278.9231573895045,794
278.987566890128,884
279.05197495072065,833
279.1163815696337,873
279.1807867452175,807
279.24519047582237,881
279.3095927597981,820
279.37399359549397,824
279.4383929812587,818
279.50279091544076,875
279.56718739638814,846
279.63158242244833,842
279.6959759919684,860
279.7603681032949,889
279.8247587547741,821
279.8891479447516,859
279.95353567157287,835
280.01792193358256,910
280.0823067291252,812
280.1466900565447,890
280.2110719141845,865
280.2754523003879,857
280.33983121349706,875
280.4042086518546,932
280.46858461380197,809
280.5329590976806,884
280.5973321018312,776
280.6617036245942,863
280.7260736643097,822
280.79044221931696,920
280.8548092879551,852
280.9191748685629,864
280.9835389594783,853
281.0479015590391,875
281.1122626655826,776
281.1766222774457,900
281.24098039296456,836
281.3053370104752,900
281.3696921283134,845
281.43404574481383,896
281.4983978583112,844
281.5627484671398,902
281.6270975696332,872
281.69144516412473,902
281.75579124894716,802
281.820135822433,886
281.88447888291404,831
281.94882042872183,860
282.0131604581873,867
282.07749896964134,853
282.1418359614138,825
282.2061714318345,931
282.2705053792328,860
282.33483780193745,865
282.39916869827664,838
282.4634980665785,920
282.52782590517063,859
282.59215221237974,906
282.6564769865326,868
282.7208002259555,883
282.7851219289738,826
282.84944209391307,879
282.9137607190979,855
282.9780778028529,880
283.0423933435018,871
283.1067073393682,889
283.17101978877497,815
283.23533069004486,873
283.2996400414999,810
283.3639478414618,845
283.42825408825195,770
283.492558780191,885
283.55686191559937,778
283.62116349279694,827
283.6854635101034,838
283.74976196583737,827
283.81405885831776,770
283.87835418586263,851
283.9426479467896,717
284.00694013941603,875
284.0712307620587,831
284.1355198130338,911
284.1998072906575,819
284.26409319324495,856
284.32837751911154,831
284.3926602665716,869
284.4569414339394,811
284.52122101952847,905
284.58549902165225,804
284.64977543862335,865
284.7140502687542,860
284.77832351035676,905
284.84259516174234,824
284.90686522122223,836
284.97113368710677,808
285.0354005577061,882
285.09966583132996,840
285.1639295062876,906
285.2281915808878,850
285.29245205343886,862
285.35671092224885,853
285.42096818562493,850
285.4852238418744,851
285.5494778893037,865
285.61373032621896,855
285.67798115092575,892
285.7422303617295,823
285.806477956935,881
285.87072393484635,840
285.93496829376767,869
285.99921103200234,846
286.0634521478533,857
286.12769163962327,798
286.19192950561427,938
286.256165744128,850
286.3204003534656,915
286.38463333192794,890
286.44886467781527,849
286.51309438942764,851
286.57732246506436,877
286.64154890302456,859
286.7057737016066,885
286.7699968591087,828
286.8342183738286,915
286.89843824406347,874
286.96265646810997,907
287.0268730442647,886
287.09108797082325,848
287.1553012460812,849
287.21951286833354,897
287.28372283587487,835
287.34793114699914,937
287.4121378000002,856
287.4763427931712,926
287.5405461248049,900
287.60474779319355,891
287.6689477966292,864
287.7331461334031,886
287.7973428018064,839
287.8615378001295,896
287.9257311266627,827
287.9899227796955,864
288.05411275751715,861
288.11830105841636,877
288.1824876806815,854
288.24667262260044,895
288.3108558824607,820
288.3750374585492,896
288.43921734915244,794
288.5033955525566,953
288.56757206704714,833
288.63174689090954,880
288.6959200224284,872
288.7600914598881,887
288.82426120157237,806
288.8884292457648,874
288.9525955907484,826
289.0167602348054,880
289.08092317621833,833
289.14508441326853,909
289.2092439442373,823
289.2734017674054,895
289.3375578810531,986
289.40171228346026,1040
289.4658649729064,934
289.53001594767045,901
289.5941652060308,845
289.6583127462657,885
289.72245856665285,858
289.7866026654693,877
289.8507450409918,806
289.91488569149664,882
289.97902461525985,806
290.04316181055674,881
290.10729727566223,774
290.1714310088509,897
290.23556300839687,829
290.2996932725736,853
290.3638217996546,850
290.4279485879123,869
290.49207363561914,812
290.556196941047,884
290.6203185024672,860
290.68443831815085,889
290.7485563863683,868
290.8126727053898,928
290.87678727348487,830
290.9409000889226,864
291.00501114997195,826
291.06912045490105,864
291.13322800197784,792
291.1973337894697,883
291.26143781564355,852
291.3255400787661,879
291.38964057710314,848
291.4537393089204,896
291.517836272483,807
291.5819314660559,912
291.64602488790314,831
291.71011653628875,888
291.77420640947605,816
291.838294505728,907
291.9023808233071,882
291.96646536047535,909
292.03054811549447,858
292.0946290866257,882
292.1587082721295,839
292.2227856702665,879
292.2868612792964,836
292.35093509747844,915
292.41500712307175,833
292.4790773543348,901
292.54314578952557,863
292.6072124269017,890
292.6712772647206,895
292.73534030123864,904
292.79940153471233,808
292.8634609633973,895
292.9275185855492,875
292.9915743994228,879
293.05562840327264,888
293.11968059535275,880
293.18373097391685,859
293.247779537218,891
293.31182628350894,865
293.37587121104195,958
293.4399143180688,834
293.5039556028411,939
293.56799506360943,869
293.6320326986246,898
293.69606850613644,849
293.76010248439474,851
293.8241346316486,817
293.88816494614656,922
293.95219342613717,899
294.01622006986804,900
294.0802448755868,821
294.14426784154,892
294.2082889659744,909
294.27230824713615,871
294.3363256832705,840
294.40034127262294,916
294.46435501343797,868
294.52836690395986,940
294.59237694243257,887
294.6563851270993,908
294.7203914562033,870
294.7843959279866,866
294.84839854069156,882
294.9123992925597,905
294.97639818183217,884
295.04039520674957,923
295.10439036555226,845
295.1683836564801,897
295.2323750777723,848
295.296364627668,868
295.3603523044055,895
295.424338106223,934
295.4883220313578,884
295.5523040780473,876
295.6162842445282,866
295.68026252903655,957
295.74423892980855,855
295.80821344507905,914
295.87218607308336,856
295.9361568120558,899
296.00012566023037,904
296.06409261584076,899
296.12805767712,825
296.1920208423009,938
296.2559821096156,925
296.3199414772961,916
296.3838989435734,877
296.44785450667865,930
296.5118081648424,875
296.57575991629454,982
296.6397097592647,1144
296.7036576919819,2426
296.76760371267494,3405
296.83154781957205,2209
296.89549001090097,1131
296.95943028488927,952
297.02336863976365,923
297.08730507375054,922
297.15123958507604,892
297.2151721719657,943
297.2791028326448,870
297.3430315653378,891
297.406958368269,885
297.4708832396623,924
297.5348061777409,845
297.5987271807279,945
297.66264624684555,877
297.7265633743159,914
297.79047856136066,868
297.8543918062008,956
297.91830310705717,868
297.98221246214973,920
298.0461198696985,897
298.1100253279228,930
298.1739288350415,864
298.237830389273,882
298.30172998883535,894
298.3656276319461,934
298.4295233168224,853
298.4934170416809,966
298.5573088047378,871
298.6211986042089,903
298.68508643830967,907
298.74897230525477,904
298.8128562032588,849
298.8767381305357,921
298.9406180852991,833
299.00449606576205,931
299.06837207013723,898
299.1322460966369,976
299.1961181434728,902
299.25998820885627,906
299.3238562909981,889
299.38772238810895,927
299.4515864983987,842
299.5154486200769,925
299.57930875135264,823
299.64316689043454,888
299.707023035531,875
299.7708771848496,901
299.8347293365977,888
299.8985794889824,931
299.9624276402098,838
300.02627378848615,909
300.0901179320168,862
300.15396006900716,912
300.2178001976615,845
300.2816383161843,897
300.34547442277926,874
300.4093085156496,921
300.47314059299845,856
300.5369706530279,922
300.60079869394025,842
300.66462471393675,931
300.72844871121885,854
300.79227068398694,966
300.85609063044126,847
300.9199085487816,915
300.98372443720734,931
301.04753829391734,929
301.11135011711,833
301.1751599049832,941
301.2389676557346,879
301.3027733675612,867
301.3665770386599,864
301.43037866722653,902
301.49417825145713,886
301.55797578954684,985
301.6217712796907,867
301.6855647200829,876
301.7493561089177,801
301.81314544438834,951
301.8769327246881,894
301.94071794800965,923
302.00450111254503,892
302.06828221648607,964
302.1320612580241,1115
302.19583823535004,1323
302.2596131466541,1047
302.3233859901264,986
302.3871567639565,962
302.4509254663334,989
302.51469209544575,925
302.57845664948184,949
302.6422191266293,893
302.70597952507535,921
302.7697378430071,906
302.83349407861084,926
302.8972482300725,918
302.9610002955775,906
303.0247502733112,866
303.08849816145806,921
303.15224395820223,859
303.2159876617275,927
303.2797292702172,837
303.3434687818542,897
303.40720619482073,844
303.470941507299,929
303.53467471747047,883
303.59840582351603,908
303.66213482361644,892
303.7258617159519,894
303.7895864987021,818
303.8533091700464,901
303.9170297281635,860
303.980748171232,900
304.04446449742966,843
304.10817870493406,927
304.1718907919224,872
304.2356007565712,924
304.2993085970566,872
304.3630143115543,915
304.42671789823976,795
304.49041935528766,924
304.5541186808723,882
304.61781587316796,874
304.68151093034794,887
304.7452038505853,897
304.80889463205267,840
304.87258327292227,871
304.9362697713658,853
304.9999541255545,911
305.06363633365925,834
305.1273163938504,926
305.19099430429804,853
305.2546700631714,838
305.31834366863984,865
305.3820151188717,861
305.4456844120353,837
305.5093515462984,880
305.5730165198281,855
305.6366793307915,888
305.7003399773547,820
305.76399845768384,908
305.8276547699442,840
305.89130891230116,903
305.9549608829191,862
306.0186106799621,890
306.08225830159415,828
306.1459037459783,884
306.20954701127744,849
306.27318809565395,867
306.33682699726984,855
306.40046371428645,860
306.46409824486494,826
306.52773058716593,900
306.59136073934945,813
306.65498869957537,875
306.7186144660028,784
306.78223803679066,863
306.8458594100973,812
306.9094785840807,870
306.9730955568983,893
307.036710326707,850
307.10032289166367,839
307.1639332499243,908
307.22754139964456,823
307.2911473389799,864
307.35475106608493,853
307.418352579114,905
307.4819518762213,872
307.54554895556,941
307.60914381528335,916
307.6727364535438,944
307.7363268684937,840
307.79991505828457,886
307.8635010210677,866
307.92708475499387,948
307.99066625821354,886
308.0542455288766,886
308.11782256513237,831
308.1813973651302,933
308.2449699270184,852
308.3085402489451,893
308.3721083290582,861
308.43567416550485,921
308.49923775643185,874
308.5627990999855,898
308.62635819431193,898
308.6899150375563,872
308.75346962786386,850
308.81702196337915,901
308.88057204224623,887
308.94411986260883,931
309.0076654226103,862
309.0712087203932,911
309.13474975410014,874
309.1982885218728,917
309.26182502185287,913
309.3253592521813,911
309.38889121099857,835
309.45242089644483,927
309.5159483066598,836
309.5794734397828,928
309.6429962939525,909
309.70651686730724,909
309.77003515798515,891
309.8335511641234,942
309.89706488385923,860
309.96057631532904,920
310.024085456669,860
310.08759230601487,949
310.15109686150174,895
310.2145991212646,940
310.2780990834376,896
310.3415967461548,906
310.4050921075495,872
310.46858516575486,923
310.5320759189033,878
310.595564365127,912
310.6590505025578,885
310.72253432932666,918
310.7860158435645,913
310.84949504340165,905
310.912971926968,884
310.976446492393,936
311.03991873780564,869
311.1033886613344,926
311.1668562611076,936
311.23032153525287,936
311.2937844818972,914
311.3572450991675,924
311.4207033851903,881
311.48415933809116,934
311.5476129559958,896
311.61106423702904,923
311.67451317931557,886
311.7379597809794,922
311.80140404014423,919
311.8648459549333,916
311.9282855234692,923
311.99172274387456,907
312.05515761427114,889
312.1185901327803,931
312.1820202975231,902
312.24544810662013,943
312.30887355819135,885
312.3722966503566,1010
312.435717381235,1095
312.4991357489453,1897
312.5625517516059,4303
312.62596538733465,4610
312.6893766542489,2251
312.75278555046566,1283
312.8161920741016,1010
312.8795962232728,971
312.94299799609485,979
313.0063973906828,1037
313.0697944051517,1579
313.1331890376158,4281
313.19658128618886,7379
313.25997114898433,5245
313.3233586241152,2098
313.3867437096942,1223
313.4501264038331,1042
313.51350670464376,1003
313.5768846102374,990
313.64026011872465,1005
313.703633228216,949
313.7670039368211,975
313.83037224264956,911
313.8937381438102,967
313.9571016384117,918
314.02046272456204,974
314.08382140036895,889
314.14717766393954,967
314.21053151338066,903
314.27388294679855,1011
314.3372319622991,915
314.40057855798767,976
314.4639227319694,891
314.5272644823485,973
314.5906038072295,1037
314.65394070471564,949
314.7172751729103,896
314.78060720991624,959
314.8439368138356,904
314.90726398277053,1042
314.97058871482216,846
315.03391100809165,980
315.0972308606794,961
315.1605482706856,942
315.2238632362097,977
315.287175755351,849
315.35048582620834,946
315.41379344687994,998
315.4770986154635,893
315.5404013300567,998
315.60370158875634,874
315.6669993896589,997
315.7302947308606,991
315.79358761045694,1004
315.85687802654326,911
315.9201659772141,929
315.9834514605638,926
316.0467344746863,1001
316.110015017675,934
316.17329308762277,929
316.23656868262213,938
316.2998418007653,985
316.36311244014365,946
316.42638059884865,983
316.48964627497077,872
316.55290946660045,951
316.61617017182743,982
316.6794283887412,967
316.7426841154307,931
316.8059373499844,964
316.8691880904904,947
316.93243633503624,983
316.9956820817092,867
317.05892532859593,947
317.1221660737828,906
317.18540431535564,961
317.24864005139966,913
317.31187327999993,993
317.3751039992411,889
317.438332207207,949
317.5015579019813,940
317.5647810816473,952
317.6280017442876,876
317.6912198879844,996
317.75443551081975,908
317.8176486108749,922
317.8808591862308,894
317.94406723496786,934
318.00727275516635,910
318.0704757449058,936
318.1336762022653,907
318.1968741253235,969
318.26006951215885,867
318.32326236084907,967
318.3864526694716,932
318.4496404361034,943
318.5128256588209,930
318.57600833570007,933
318.6391884648166,873
318.70236604424576,936
318.7655410720621,879
318.8287135463399,939
318.89188346515306,918
318.95505082657496,970
319.0182156286784,874
319.081377869536,971
319.14453754721984,927
319.2076946598013,965
319.2708492053517,913
319.33400118194174,945
319.3971505876417,911
319.46029742052133,905
319.52344167865,874
319.5865833600967,968
319.64972246292984,900
319.71285898521745,935
319.77599292502725,894
319.8391242804263,927
319.9022530494813,922
319.9653792302584,982
320.02850282082363,889
320.0916238192423,937
320.15474222357915,949
320.21785803189886,953
320.2809712422654,901
320.34408185274236,954
320.40718986139274,858
320.47029526627955,926
320.53339806546484,914
320.5964982570102,940
320.65959583897745,937
320.72269080942726,945
320.78578316642006,885
320.84887290801595,919
320.9119600322745,836
320.975044537255,932
321.03812642101576,906
321.10120568161534,906
321.16428231711143,893
321.22735632556146,936
321.29042770502224,886
321.3534964535504,935
321.41656256920186,881
321.47962605003204,904
321.5426868940963,900
321.6057450994493,975
321.6688006641452,927
321.7318535862377,908
321.7949038637804,868
321.8579514948262,904
321.9209964774272,887
321.9840388096358,897
322.0470784895034,840
322.11011551508113,948
322.1731498844198,898
322.2361815955694,993
322.29921064658,874
322.36223703550075,922
322.4252607603806,914
322.4882818192681,929
322.551300210211,898
322.61431593125724,893
322.67732898045364,899
322.7403393558471,901
322.8033470554836,930
322.8663520774091,881
322.929354419669,872
322.9923540803079,901
323.0553510573706,860
323.11834534890096,899
323.1813369529425,848
323.24432586753835,968
323.3073120907312,896
323.37029562056335,914
323.4332764550765,871
323.49625459231186,904
323.55923003031063,836
323.622202767113,926
323.68517280075906,881
323.74814012928834,899
323.81110475074007,884
323.87406666315263,928
323.93702586456453,891
323.9999823530135,928
324.0629361265367,873
324.1258871831712,888
324.1888355209533,880
324.2517811379191,941
324.31472403210415,898
324.37766420154344,912
324.4406016442718,910
324.5035363583233,940
324.5664683417318,870
324.6293975925305,923
324.69232410875253,828
324.75524788843,949
324.8181689295952,872
324.88108723027943,979
324.94400278851407,905
325.00691560232946,886
325.06982566975597,926
325.1327329888234,952
325.19563755756104,893
325.2585393739977,922
325.3214384361619,883
325.38433474208153,919
325.44722828978416,906
325.510119077297,932
325.5730071026466,927
325.6358923638592,883
325.69877485896046,837
325.76165458597586,939
325.8245315429301,876
325.8874057278477,909
325.95027713875265,929
326.01314577366844,918
326.07601163061827,907
326.13887470762455,936
326.2017350027097,864
326.2645925138954,908
326.3274472392029,863
326.39029917665323,981
326.45314832426664,870
326.5159946800632,934
326.57883824206243,896
326.6416790082834,911
326.70451697674474,908
326.7673521454645,865
326.83018451246073,851
326.89301407575056,920
326.9558408333509,875
327.0186647832781,950
327.08148592354814,926
327.14430425217665,983
327.20711976717854,916
327.2699324665686,915
327.332742348361,953
327.3955494105694,909
327.4583536512071,877
327.5211550682871,926
327.58395365982165,897
327.64674942382265,932
327.7095423583019,904
327.7723324612703,926
327.8351197307385,881
327.8979041647166,930
327.9606857612144,826
328.0234645182413,950
328.086240433806,917
328.149013505917,962
328.2117837325822,879
328.2745511118092,911
328.33731564160496,921
328.4000773199761,926
328.46283614492893,869
328.5255921144691,987
328.58834522660186,905
328.6510954793322,938
328.7138428706644,889
328.7765873986023,942
328.8393290611496,881
328.90206785630943,940
328.9648037820841,871
329.0275368364761,886
329.090267017487,849
329.15299432311815,896
329.2157187513703,878
329.2784403002439,921
329.3411589677389,919
329.4038747518548,916
329.4665876505906,892
329.52929766194507,947
329.5920047839163,898
329.65470901450186,925
329.71741035169924,860
329.7801087935053,954
329.8428043379162,893
329.90549698292796,885
329.96818672653626,924
330.030873566736,912
330.09355750152173,865
330.1562385288877,924
330.21891664682767,844
330.28159185333493,934
330.3442641464021,878
330.40693352402184,936
330.4695999841859,882
330.5322635248859,908
330.5949241441127,891
330.65758183985713,935
330.7202366101092,884
330.78288845285863,901
330.84553736609485,878
330.90818334780647,919
330.97082639598193,929
331.03346650860925,926
331.0961036836758,884
331.15873791916874,919
331.2213692130746,863
331.2839975633795,906
331.3466229680693,857
331.40924542512903,930
331.4718649325437,891
331.5344814882976,915
331.59709509037475,903
331.6597057367585,872
331.7223134254318,817
331.7849181543777,907
331.84751992157777,871
331.9101187250141,905
331.9727145626679,920
332.0353074325198,890
332.0978973325503,855
332.16048426073934,853
332.22306821506635,870
332.2856491935103,892
332.3482271940499,843
332.41080221466336,899
332.47337425332825,876
332.53594330802173,913
332.5985093767207,910
332.66107245740164,877
332.7236325480403,853
332.78618964661223,902
332.8487437510925,882
332.9112948594556,929
332.97384296967573,866
333.0363880797265,884
333.09893018758135,869
333.1614692912128,895
333.22400538859347,888
333.2865384776951,843
333.3490685564893,828
333.41159562294695,886
333.4741196750387,873
333.53664071073473,910
333.59915872800457,847
333.66167372481755,904
333.7241856991426,853
333.78669464894796,926
333.8492005722015,827
333.9117034668707,885
333.97420333092253,826
334.0367001623237,918
334.09919395904024,995
334.16168471903785,1151
334.2241724402818,1056
334.28665712073683,963
334.3491387583673,923
334.41161735113724,929
334.4740928970098,843
334.53656539394836,878
334.59903483991525,875
334.66150123287275,921
334.72396457078224,840
334.78642485160526,921
334.84888207330255,897
334.9113362338344,925
334.97378733116045,882
335.0362353632407,886
335.09868032803377,852
335.1611222234983,914
335.22356104759234,944
335.28599679827374,951
335.3484294734996,875
335.4108590712267,902
335.47328558941155,853
335.5357090260098,902
335.598129378977,853
335.66054664626813,939
335.7229608258378,835
335.78537191564016,914
335.8477799136286,867
335.9101848177567,934
335.9725866259771,881
336.0349853362421,921
336.09738094650356,881
336.159773454713,921
336.2221628588214,811
336.28454915677924,954
336.34693234653673,920
336.4093124260434,932
336.47168939324865,886
336.5340632461011,883
336.5964339825492,857
336.65880160054076,960
336.7211660980231,882
336.7835274729433,933
336.8458857232481,869
336.90824084688336,970
336.9705928417948,912
337.0329417059277,945
337.0952874372268,942
337.15763003363634,908
337.2199694931002,875
337.28230581356195,970
337.3446389929644,924
337.40696902925026,909
337.46929592036145,912
337.5316196642399,903
337.5939402588265,937
337.6562577020621,920
337.7185719918872,858
337.7808831262414,928
337.8431911030643,887
337.9054959202949,988
337.9677975758717,934
338.03009606773264,921
338.09239139381555,906
338.15468355205763,935
338.21697254039555,894
338.27925835676564,895
338.3415409991038,862
338.40382046534546,955
338.4660967534255,907
338.5283698612786,955
338.5906397868387,873
338.6529065280395,891
338.7151700828142,903
338.7774304490956,949
338.839687624816,909
338.9019416079072,924
338.9641923963005,919
339.0264399879272,943
339.0886843807175,930
339.1509255726016,946
339.21316356150925,868
339.2753983453695,945
339.33762992211115,865
339.39985828966246,921
339.4620834459514,833
339.52430538890525,930
339.58652411645096,904
339.6487396265152,906
339.7109519170239,946
339.77316098590273,898
339.8353668310769,859
339.8975694504712,970
339.9597688420099,897
340.0219650036167,931
340.08415793321524,899
340.1463476287283,943
340.2085340880785,909
340.27071730918783,940
340.33289728997806,901
340.39507402837023,933
340.457247522285,869
340.51941776964287,946
340.5815847683636,912
340.64374851636654,892
340.70590901157067,884
340.76806625189465,922
340.8302202352564,891
340.8923709595734,964
340.9545184227631,886
341.0166626227421,916
341.0788035574267,859
341.1409412247326,905
341.2030756225755,950
341.2652067488701,935
341.32733460153105,908
341.3894591784723,931
341.45158047760754,918
341.5136984968498,961
341.575813234112,889
341.63792468730645,904
341.7000328543448,877
341.76213773313845,951
341.8242393215984,898
341.88633761763526,920
341.9484326191589,882
342.01052432407903,930
342.07261273030485,913
342.13469783574504,1025
342.19677963830776,868
342.258858135901,923
342.3209333264321,939
342.38300520780797,932
342.4450737779351,884
342.50713903471967,920
342.5692009760671,881
342.63125959988264,947
342.6933149040709,866
342.7553668865364,946
342.8174155451827,842
342.8794608779134,918
342.9415028826313,929
343.0035415572389,953
343.0655768996382,859
343.12760890773086,857
343.1896375794181,869
343.25166291260047,994
343.3136849051784,926
343.37570355505164,923
343.43771886011956,846
343.499730818281,912
343.5617394274346,905
343.62374468547836,929
343.6857465903098,853
343.7477451398261,907
343.80974033192416,844
343.8717321645,940
343.93372063544933,970
343.9957057426677,840
344.05768748405023,869
344.11966585749104,924
344.1816408608843,882
344.2436124921237,935
344.3055807491023,796
344.36754562971277,964
344.42950713184734,902
344.49146525339796,863
344.55341999225584,867
344.615371346312,850
344.67731931345685,876
344.73926389158044,893
344.8012050785725,843
344.8631428723219,849
344.9250772707174,893
344.9870082716475,932
345.04893587299966,890
345.11086007266147,885
345.1727808685198,766
345.2346982584611,946
345.2966122403713,894
345.35852281213613,943
345.42042997164066,838
345.4823337167695,881
345.54423404540705,917
345.6061309554371,905
345.6680244447428,847
345.72991451120726,845
345.7918011527129,834
345.8536843671417,912
345.91556415237517,852
345.9774405062946,931
346.03931342678067,832
346.10118291171335,905
346.1630489589727,898
346.2249115664381,894
346.28677073198827,867
346.34862645350177,900
346.41047872885656,820
346.47232755593024,875
346.5341729326,865
346.59601485674233,899
346.65785332623364,860
346.71968833894977,854
346.7815198927658,827
346.8433479855569,892
346.9051726151974,825
346.9669937795612,916
347.0288114765221,837
347.0906257039531,899
347.1524364597269,900
347.2142437417156,912
347.27604754779117,886
347.3378478758249,898
347.39964472368746,807
347.46143808924967,962
347.5232279703813,866
347.5850143649519,913
347.64679727083075,845
347.7085766858863,877
347.770352607987,905
347.8321250350004,915
347.893893964794,774
347.9556593952347,912
348.0174213241888,876
348.0791797495223,936
348.1409346691009,927
348.2026860807897,895
348.26443398245317,896
348.32617837195573,884
348.3879192471611,878
348.4496566059326,877
348.5113904461331,831
348.57312076562494,950
348.6348475622703,830
348.69657083393065,929
348.75829057846704,912
348.82000679374016,923
348.8817194776104,883
348.9434286279372,865
349.00513424258,872
349.06683631939785,868
349.1285348562489,855
349.19022985099144,945
349.25192130148287,892
349.31360920558024,890
349.37529356114027,932
349.43697436601906,885
349.49865161807253,876
349.5603253151559,892
349.62199545512414,863
349.68366203583156,956
349.74532505513224,858
349.80698451087954,914
349.8686404009267,884
349.93029272312646,899
349.99194147533086,896
350.05358665539165,849
350.11522826116027,865
350.1768662904875,906
350.2385007412238,933
350.30013161121906,926
350.36175889832293,856
350.42338260038446,828
350.48500271525216,897
350.5466192407745,922
350.608232174799,839
350.6698415151731,890
350.7314472597435,842
350.79304940635683,942
350.854647952859,909
350.91624289709534,899
350.97783423691124,889
351.0394219701512,883
351.1010060946592,877
351.1625866082793,950
351.22416350885476,879
351.2857367942283,902
351.34730646224244,893
351.40887251073906,946
351.47043493755973,929
351.5319937405455,905
351.59354891753696,875
351.6551004663745,940
351.7166483848978,917
351.77819267094594,946
351.83973332235786,864
351.9012703369721,885
351.9628037126265,900
352.02433344715865,932
352.08585953840566,883
352.14738198420406,862
352.20890078238995,868
352.2704159307993,918
352.33192742726726,844
352.39343526962864,941
352.45493945571786,845
352.516439983369,920
352.5779368504156,919
352.6394300546904,896
352.70091959402635,816
352.76240546625553,918
352.8238876692095,912
352.8853662007198,951
352.9468410586172,870
353.0083122407321,938
353.06977974489433,871
353.1312435689335,934
353.19270371067876,895
353.2541601679585,891
353.315612938601,849
353.37706202043415,979
353.43850741128506,845
353.4999491089805,921
353.56138711134696,887
353.62282141621034,902
353.6842520213963,933
353.74567892472965,894
353.8071021240352,848
353.86852161713716,895
353.929937401859,829
353.99134947602414,922
354.0527578374554,835
354.1141624839752,878
354.1755634134054,871
354.23696062356765,904
354.2983541122829,831
354.3597438773716,885
354.4211299166542,859
354.4825122279502,907
354.543890809079,898
354.6052656578594,875
354.66663677210977,872
354.72800414964803,887
354.78936778829166,845
354.85072768585763,907
354.9120838401628,819
354.9734362490231,896
355.0347849102542,867
355.0961298216716,878
355.15747098109,881
355.21880838632364,885
355.2801420351866,856
355.34147192549244,853
355.4027980550541,847
355.4641204216841,880
355.5254390231948,790
355.58675385739764,896
355.648064922104,858
355.7093722151248,849
355.7706757342703,876
355.8319754773505,887
355.8932714421747,796
355.95456362655216,903
356.01585202829136,824
356.0771366452004,898
356.1384174750871,857
356.1996945157587,928
356.26096776502203,847
356.32223722068323,910
356.3835028805484,887
356.4447647424231,870
356.50602280411215,850
356.56727706342036,881
356.62852751815177,869
356.68977416610994,907
356.75101700509833,865
356.8122560329196,899
356.8734912473763,840
356.93472264627,896
356.9959502274025,837
357.05717398857473,872
357.1183939275873,835
357.1796100422402,898
357.24082233033323,802
357.3020307896657,804
357.3632354180362,848
357.42443621324327,905
357.4856331730848,833
357.54682629535824,831
357.60801557786056,774
357.6692010183884,900
357.7303826147379,860
357.7915603647045,882
357.8527342660838,803
357.9139043166704,861
357.9750705142588,880
358.0362328566427,846
358.0973913416156,815
358.1585459669707,913
358.2196967305003,832
358.28084362999664,878
358.3419866632516,861
358.40312582805615,839
358.4642611222012,832
358.525392543477,852
358.58652008967357,793
358.6476437585803,848
358.70876354798617,833
358.7698794556798,884
358.8309914794494,858
358.8920996170824,844
358.95320386636615,800
359.01430422508764,854
359.0754006910328,808
359.1364932619878,851
359.1975819357381,796
359.2586667100687,866
359.319747582764,805
359.3808245516082,842
359.4418976143851,825
359.5029667688777,838
359.56403201286895,805
359.62509334414113,826
359.6861507604761,775
359.7472042596553,860
359.8082538394597,833
359.8692994976701,846
359.9303412320663,797
359.9913790404281,839
360.0524129205347,830
360.113442870165,874
360.174468887097,781
360.23549096910887,870
360.29650911397806,795
360.3575233194815,815
360.4185335833956,827
360.4795399034966,860
360.5405422775602,837
360.6015407033614,809
360.6625351786753,821
360.723525701276,865
360.7845122689375,804
360.8454948794329,816
360.9064735305357,812
360.9674482200181,908
361.02841894565233,830
361.08938570521,810
361.15034849646236,804
361.2113073171801,850
361.2722621651336,802
361.3332130380927,861
361.39415993382687,823
361.455102850105,856
361.51604178469574,829
361.57697673536717,887
361.6379076998869,814
361.6988346760221,833
361.75975766153965,778
361.82067665420567,872
361.88159165178627,813
361.94250265204664,881
362.0034096527519,810
362.0643126516666,847
362.12521164655476,834
362.18610663518007,870
362.24699761530565,802
362.30788458469436,887
362.36876754110835,829
362.4296464823097,845
362.4905214060597,823
362.5513923101193,899
362.6122591922491,807
362.67312205020914,846
362.73398088175907,798
362.7948356846581,901
362.85568645666496,795
362.916533195538,879
362.97737589903494,821
363.03821456491335,847
363.09904919093015,878
363.15987977484184,833
363.22070631440454,859
363.2815288073738,828
363.3423472515049,809
363.4031616445525,881
363.463971984271,812
363.5247782684142,899
363.58558049473544,874
363.64637866098775,866
363.7071727649237,844
363.76796280429534,856
363.8287487768542,835
363.8895306803515,873
363.9503085125381,841
364.0110822711641,850
364.0718519539796,846
364.1326175587338,885
364.19337908317567,846
364.25413652505375,886
364.3148898821161,811
364.3756391521106,883
364.436384332784,794
364.49712542188314,923
364.5578624171546,851
364.6185953163439,865
364.67932411719653,871
364.7400488174576,877
364.8007694148714,887
364.86148590718216,1061
364.9221982921332,1892
364.9829065674681,6109
365.0436107309294,7276
365.10431078025937,4181
365.16500671319983,2646
365.22569852749217,2134
365.28638622087743,1902
365.347069791096,1418
365.40774923588805,1468
365.46842455299316,2459
365.52909574015047,2119
365.5897627950986,1503
365.65042571557603,1201
365.71108449932046,1178
365.77173914406933,1055
365.83238964755947,915
365.89303600752754,871
365.9536782217096,892
366.01431628784104,807
366.0749502036573,877
366.135579966893,817
366.1962055752822,905
366.25682702655894,1282
366.31744431845664,1977
366.3780574487081,1666
366.4386664150459,1274
366.49927121520204,1080
366.55987184690827,1053
366.6204683078955,924
366.68106059589456,927
366.7416487086358,785
366.8022326438489,862
366.8628123992633,870
366.923387972608,824
366.9839593616114,777
367.0445265640015,874
367.105089577506,807
367.165648399852,889
367.22620302876624,814
367.2867534619749,856
367.347299697204,823
367.40784173217867,845
367.468379564624,802
367.5289131922643,865
367.58944261282386,776
367.649967824026,819
367.71048882359406,852
367.77100560925066,835
367.8315181787181,830
367.8920265297182,844
367.95253065997224,801
368.0130305672012,868
368.0735262491255,767
368.1340177034653,809
368.1945049279401,774
368.25498792026906,886
368.31546667817094,824
368.37594119936375,839
368.4364114815656,796
368.49687752249366,823
368.55733931986487,815
368.6177968713958,808
368.6782501748025,805
368.7386992278004,840
368.7991440281046,821
368.8595845734301,849
368.9200208614908,826
368.9804528900006,838
369.040880656673,822
369.10130415922083,824
369.1617233953565,770
369.22213836279207,855
369.28254905923916,821
369.3429554824087,861
369.40335763001167,796
369.4637554997582,863
369.52414908935805,833
369.58453839652054,862
369.6449234189546,806
369.7053041543687,862
369.76568060047106,909
369.8260527549688,960
369.8864206155694,839
369.9467841799796,891
370.0071434459053,857
370.0674984110525,856
370.12784907312664,774
370.18819542983243,903
370.2485374788743,769
370.3088752179564,848
370.36920864478236,812
370.42953775705513,893
370.4898625524774,823
370.5501830287516,866
370.61049918357935,834
370.6708110146619,908
370.73111851970026,804
370.79142169639493,861
370.85172054244583,795
370.91201505555256,829
370.9723052334143,850
371.0325910737297,820
371.09287257419675,824
371.15314973251355,885
371.21342254637733,794
371.2736910134849,849
371.3339551315327,802
371.39421489821683,860
371.45447031123297,798
371.51472136827584,853
371.5749680670404,830
371.6352104052209,833
371.6954483805109,796
371.75568199060393,847
371.8159112331929,836
371.87613610597,865
371.9363566066273,820
371.9965727328566,836
372.05678448234875,817
372.1169918527945,824
372.177194841884,800
372.2373934473072,830
372.29758766675326,784
372.3577774979111,876
372.41796293846915,806
372.47814398611536,880
372.53832063853736,849
372.5984928934222,846
372.6586607484566,804
372.71882420132675,849
372.77898324971835,808
372.8391378913167,832
372.8992881238068,813
372.95943394487296,880
373.0195753521992,834
373.0797123434692,842
373.13984491636586,850
373.1999730685719,786
373.26009679776956,740
373.3202161016405,839
373.38033097786615,771
373.44044142412736,839
373.5005474381045,807
373.5606490174776,856
373.62074615992617,839
373.6808388631293,815
373.7409271247656,803
373.8010109425134,815
373.8610903140503,782
373.9211652370537,839
373.98123570920046,807
374.0413017281669,823
374.1013632916292,877
374.1614203972627,795
374.2214730427425,767
374.2815212257433,815
374.3415649439394,749
374.4016041950044,808
374.4616389766115,781
374.5216692864338,811
374.5816951221436,809
374.64171648141297,814
374.70173336191317,834
374.76174576131564,800
374.82175367729076,727
374.88175710750875,768
374.9417560496395,823
375.00175050135215,835
375.06174046031566,780
375.12172592419824,811
375.1817068906681,778
375.2416833573928,799
375.30165532203915,855
375.3616227822738,778
375.4215857357633,737
375.48154418017305,807
375.5414981131683,771
375.6014475324141,849
375.66139243557484,769
375.72133282031433,756
375.78126868429626,809
375.8412000251836,797
375.90112684063894,786
375.9610491283246,780
376.0209668859021,682
376.08088011103297,854
376.1407888013778,778
376.2006929545973,789
376.2605925683511,744
376.320487640299,795
376.38037816809987,767
376.4402641494123,759
376.5001455818947,762
376.5600224632045,764
376.61989479099924,755
376.6797625629356,847
376.7396257766701,761
376.7994844298585,779
376.8593385201565,702
376.9191880452191,755
376.9790330027008,737
377.03887339025584,840
377.09870920553806,779
377.1585404462007,799
377.21836710989635,769
377.27818919427773,822
377.33800669699656,804
377.39781961570446,795
377.45762794805245,757
377.5174316916911,792
377.5772308442706,757
377.63702540344076,822
377.6968153668507,685
377.75660073214937,784
377.81638149698506,770
377.87615765900574,804
377.9359292158589,771
377.99569616519165,778
378.0554585046505,742
378.11521623188173,751
378.17496934453095,778
378.2347178402434,825
378.294461716664,769
378.3542009714371,813
378.4139356022066,779
378.473665606616,801
378.5333909823084,762
378.59311172692634,786
378.65282783811193,784
378.71253931350697,805
378.7722461507527,744
378.83194834748997,843
378.891645901359,817
378.95133881,836
379.0110270710522,786
379.0707106821547,826
379.1303896409461,795
379.19006394506454,778
379.2497335921478,780
379.3093985798331,783
379.3690589057572,825
379.42871456755654,807
379.488365562867,759
379.548011889324,792
379.60765354456277,781
379.6672905262177,832
379.72692283192293,781
379.78655045931225,815
379.84617340601903,796
379.90579166967586,814
379.96540524791504,766
380.0250141383689,756
380.0846183386685,721
380.14421784644503,844
380.203812659329,783
380.26340277495075,827
380.3229881909398,834
380.3825689049253,812
380.4421449145362,800
380.5017162174009,815
380.56128281114724,781
380.6208446934026,811
380.6804018617943,752
380.7399543139486,824
380.79950204749167,771
380.85904506004937,810
380.9185833492469,781
380.9781169127089,744
381.03764574805984,746
381.09716985292374,801
381.15668922492387,743
381.2162038616833,756
381.2757137608246,754
381.33521891997,779
381.394719336741,736
381.454215008759,773
381.51370593364476,720
381.57319210901863,773
381.63267353250035,701
381.6921502017096,764
381.75162211426533,776
381.81108926778603,758
381.8705516598898,766
381.9300092881946,776
381.9894621503173,776
382.04891024387484,762
382.1083535664836,743
382.1677921157594,777
382.2272258893178,794
382.28665488477367,804
382.3460790997417,751
382.4054985318359,791
382.46491317867003,756
382.52432303785724,777
382.58372810701036,728
382.6431283837418,795
382.7025238656632,775
382.76191455038634,820
382.821300435522,768
382.8806815186808,790
382.94005779747283,747
382.99942926950786,799
383.0587959323949,770
383.1181577837429,748
383.1775148211601,769
383.2368670422546,827
383.29621444463356,801
383.35555702590403,807
383.41489478367276,740
383.4742277155457,754
383.5335558191285,759
383.5928790920264,804
383.6521975318442,749
383.71151113618623,734
383.7708199026562,751
383.8301238288579,861
383.8894229123941,804
383.9487171508672,816
384.0080065418796,733
384.06729108303284,767
384.1265707719281,748
384.1858456061661,806
384.24511558334723,736
384.30438070107147,812
384.36364095693807,791
384.4228963485461,788
384.4821468734941,753
384.5413925293802,786
384.60063331380184,762
384.65986922435656,773
384.71910025864094,724
384.7783264142512,832
384.83754768878345,747
384.896764079833,755
384.95597558499475,788
385.01518220186335,790
385.0743839280329,780
385.133580761097,787
385.1927726986487,745
385.25195973828096,800
385.3111418775861,703
385.37031911415596,796
385.42949144558185,751
385.4886588694548,764
385.54782138336543,756
385.6069789849038,807
385.6661316716594,746
385.7252794412215,799
385.784422291179,742
385.84356021912004,834
385.9026932226326,825
385.96182129930406,779
386.0209444467213,749
386.0800626624708,797
386.1391759441389,789
386.198284289311,780
386.2573876955724,731
386.3164861605079,814
386.37557968170165,752
386.43466825673755,824
386.4937518831991,856
386.5528305586692,791
386.61190428073036,775
386.6709730469647,798
386.7300368549538,760
386.78909570227887,848
386.84814958652066,747
386.9071985052594,863
386.9662424560751,769
387.025281436547,804
387.08431544425406,822
387.143344476775,795
387.20236853168774,805
387.2613876065698,822
387.3204016989985,760
387.3794108065507,847
387.43841492680235,785
387.4974140573296,858
387.5564081957078,805
387.61539733951173,800
387.67438148631607,771
387.73336063369476,776
387.7923347792216,741
387.85130392046955,796
387.91026805501144,744
387.96922718041964,793
388.02818129426595,784
388.0871303941217,808
388.14607447755776,794
388.20501354214485,780
388.26394758545285,754
388.32287660505153,824
388.38180059851,714
388.44071956339695,801
388.49963349728057,770
388.55854239772896,807
388.6174462623093,780
388.67634508858856,809
388.73523887413324,760
388.7941276165094,821
388.85301131328276,773
388.91188996201834,790
388.97076356028094,782
389.0296321056349,842
389.08849559564385,798
389.14735402787124,792
389.2062073998802,767
389.265055709233,835
389.32389895349183,763
389.3827371302182,827
389.44157023697335,804
389.5003982713179,799
389.5592212308121,869
389.61803911301604,825
389.67685191548884,777
389.73565963578943,792
389.79446227147645,753
389.85325982010784,842
389.91205227924127,750
389.9708396464338,816
390.0296219192421,788
390.0883990952227,786
390.1471711719312,831
390.2059381469229,825
390.26470001775306,732
390.32345678197584,812
390.38220843714544,767
390.4409549808153,833
390.49969641053883,802
390.55843272386846,830
390.6171639183566,788
390.6758899915551,831
390.7346109410153,812
390.793326764288,863
390.8520374589238,753
390.9107430224727,822
390.9694434524843,769
391.0281387465077,806
391.0868289020918,799
391.1455139167846,772
391.204193788134,797
391.2628685136873,778
391.3215380909916,773
391.3802025175932,811
391.43886179103816,756
391.4975159088722,866
391.55616486864034,765
391.61480866788725,816
391.67344730415715,829
391.7320807749941,774
391.7907090779411,801
391.84933221054126,798
391.9079501703371,802
391.96656295487054,806
392.0251705616832,785
392.08377298831607,840
392.14237023231016,797
392.2009622912054,793
392.25954916254176,777
392.3181308438586,816
392.37670733269476,774
392.43527862658874,810
392.4938447230785,764
392.5524056197017,790
392.61096131399535,770
392.6695118034963,825
392.7280570857406,753
392.78659715826427,808
392.8451320186024,773
392.90366166429004,795
392.9621860928617,760
393.02070530185125,828
393.0792192887924,802
393.1377280512182,816
393.1962315866614,759
393.2547298926541,836
393.3132229667281,768
393.37171080641497,841
393.4301934092453,732
393.4886707727497,835
393.5471428944582,786
393.60560977190045,794
393.66407140260526,816
393.7225277841015,832
393.78097891391747,807
393.8394247895809,823
393.897865408619,763
393.95630076855883,834
394.0147308669268,816
394.0731557012489,841
394.1315752690506,839
394.18998956785714,825
394.2483985951931,819
394.3068023485827,862
394.36520082554983,782
394.4235940236178,843
394.4819819403094,812
394.5403645731471,853
394.598741919653,823
394.6571139773485,853
394.71548074375477,871
394.7738422163925,844
394.832198392782,796
394.8905492704428,873
394.94889484689446,764
395.0072351196557,801
395.06557008624515,786
395.12389974418056,848
395.1822240909797,788
395.2405431241595,822
395.29885684123667,772
395.35716523972746,829
395.41546831714766,770
395.47376607101256,842
395.532058498837,785
395.5903455981354,794
395.6486273664219,812
395.7069038012099,779
395.7651749000125,769
395.8234406603424,796
395.8817010797119,751
395.9399561556325,838
395.99820588561573,753
396.05645026717247,796
396.114689297813,798
396.17292297504747,813
396.2311512963853,795
396.28937425933566,770
396.34759186140707,720
396.4058041001079,807
396.4640109729458,758
396.52221247742807,791
396.58040861106167,775
396.63859937135294,790
396.69678475580804,727
396.7549647619321,817
396.8131393872306,747
396.87130862920804,795
396.9294724853686,729
396.987630953216,805
397.04578403025374,748
397.1039317139845,763
397.1620740019107,767
397.2202108915343,788
397.278342380357,766
397.3364684658796,768
397.394589145603,775
397.4527044170273,787
397.5108142776522,720
397.56891872497704,811
397.62701775650066,722
397.6851113697216,795
397.7431995621376,707
397.8012823312464,780
397.8593596745449,703
397.9174315895298,815
397.9754980736974,719
398.0335591245433,781
398.0916147395628,750
398.1496649162508,775
398.20770965210164,795
398.2657489446094,809
398.3237827912676,784
398.3818111895691,785
398.4398341370067,689
398.4978516310726,799
398.5558636692586,786
398.61387024905565,752
398.671871367955,780
398.72986702344684,754
398.7878572130212,739
398.8458419341675,783
398.9038211843749,714
398.96179496113206,760
399.0197632619269,723
399.0777260842475,781
399.135683425581,755
399.1936352834141,739
399.2515816552334,732
399.30952253852485,809
399.3674579307738,702
399.42538782946536,795
399.48331223208424,701
399.54123113611456,772
399.59914453904,772
399.6570524383439,813
399.7149548315091,739
399.77285171601795,808
399.83074308935244,756
399.8886289489939,822
399.9465092924238,728
400.0043841171223,775
400.06225342056973,748
400.120117200246,824
400.1779754536301,779
400.23582817820096,788
400.293675371437,783
400.35151703081624,776
400.40935315381597,772
400.4671837379134,799
400.5250087805851,766
400.5828282793073,797
400.64064223155555,762
400.69845063480517,824
400.75625348653114,767
400.81405078420767,777
400.87184252530875,752
400.929628707308,791
400.9874093276783,768
401.04518438389215,811
401.1029538734219,758
401.1607177937393,782
401.21847614231547,715
401.2762289166212,836
401.33397611412715,793
401.39171773230294,771
401.4494537686182,727
401.5071842205419,775
401.56490908554275,748
401.62262836108874,808
401.6803420446478,799
401.73805013368695,783
401.7957526256732,745
401.8534495180727,818
401.91114080835155,798
401.96882649397526,801
402.0265065724088,749
402.08418104111666,832
402.1418498975632,735
402.1995131392119,859
402.2571707635262,798
402.3148227679688,808
402.3724691500021,718
402.43010990708797,821
402.4877450366879,815
402.5453745362631,805
402.60299840327394,792
402.6606166351806,803
402.71822922944284,804
402.77583618351986,809
402.8334374948705,760
402.89103316095304,788
402.94862317922554,791
403.0062075471453,828
403.0637862621696,806
403.12135932175465,786
403.17892672335694,822
403.23648846443194,811
403.29404454243496,800
403.35159495482077,853
403.4091396990439,729
403.466678772558,829
403.5242121728166,777
403.58173989727294,832
403.63926194337944,826
403.69677830858797,776
403.7542889903507,840
403.8117939861186,856
403.8692932933424,786
403.92678690947264,855
403.98427483195917,798
404.0417570582514,854
404.09923358579834,792
404.1567044120485,863
404.2141695344502,797
404.27162895045103,839
404.32908265749813,849
404.38653065303845,854
404.4439729345181,761
404.5014094993832,1074
404.5588403450792,2201
404.61626546905103,7776
404.6736848687431,8029
404.73109854159986,4350
404.7885064850649,3011
404.84590869658126,2610
404.9033051735919,2024
404.9606959135389,1530
405.0180809138646,1087
405.0754601720101,1009
405.1328336854165,901
405.19020145152433,900
405.24756346777383,809
405.3049197316045,835
405.3622702404557,820
405.4196149917662,894
405.4769539829742,808
405.5342872115177,828
405.5916146748342,777
405.6489363703606,880
405.70625229553343,825
405.7635624477888,844
405.8208668245626,784
405.87816542328966,834
405.93545824140506,792
405.99274527634304,836
406.05002652553753,808
406.1073019864219,784
406.16457165642913,821
406.22183553299186,822
406.2790936135421,758
406.3363458955115,762
406.3935923763314,732
406.4508330534326,820
406.5080679242451,759
406.5652969861991,829
406.6225202367239,787
406.6797376732485,828
406.73694929320146,796
406.794155094011,819
406.85135507310457,764
406.9085492279094,819
406.96573755585246,794
407.0229200543599,826
407.08009672085757,771
407.13726755277094,812
407.1944325475251,771
407.2515917025444,791
407.3087450152531,773
407.3658924830747,803
407.4230341034326,734
407.48016987374933,813
407.5372997914473,781
407.59442385394846,808
407.65154205867424,825
407.7086544030455,1029
407.76576088448275,1410
407.8228615004062,1242
407.87995624823554,980
407.9370451253896,972
407.9941281292877,862
408.05120525734776,943
408.1082765069877,839
408.16534187562496,848
408.2224013606766,826
408.27945495955913,817
408.3365026696884,783
408.39354448848036,793
408.4505804133501,770
408.5076104417123,811
408.56463457098124,806
408.621652798571,831
408.6786651218948,790
408.7356715383656,827
408.79267204539593,769
408.8496666403981,853
408.9066553207834,779
408.96363808396313,827
409.0206149273482,817
409.0775858483488,816
409.1345508443747,814
409.19150991283533,825
409.2484630511398,779
409.3054102566966,848
409.3623515269135,784
409.41928685919856,865
409.4762162509587,802
409.5331396996007,869
409.59005720253083,840
409.64696875715515,812
409.7038743608788,836
409.7607740111067,835
409.8176677052437,788
409.87455544069365,858
409.9314372148602,806
409.98831302514645,842
410.04518286895524,813
410.10204674368873,824
410.1589046467489,811
410.2157565755372,877
410.27260252745447,827
410.3294424999011,828
410.3862764902774,734
410.4431044959829,835
410.4999265144166,852
410.5567425429775,829
410.61355257906365,838
410.6703566200731,881
410.7271546634031,821
410.7839467064506,826
410.8407327466123,790
410.8975127812838,861
410.95428680786125,806
411.0110548237396,852
411.06781682631345,811
411.12457281297714,805
411.18132278112455,802
411.2380667281492,845
411.2948046514437,768
411.3515365484009,841
411.40826241641264,810
411.4649822528706,871
411.5216960551658,848
411.5784038206892,828
411.6351055468309,856
411.69180123098084,871
411.74849087052826,795
411.8051744628622,820
411.86185200537125,722
411.9185234954432,802
411.97518893046583,819
412.03184830782635,795
412.0885016249113,804
412.14514887910696,803
412.2017900677993,743
412.2584251883736,817
412.3150542382149,769
412.3716772147075,844
412.4282941152356,769
412.4849049371827,813
412.54150967793197,762
412.5981083348662,824
412.6547009053676,820
412.7112873868179,832
412.7678677765985,762
412.82444207209056,785
412.88101027067427,772
412.9375723697298,800
412.9941283666367,768
413.05067825877416,779
413.1072220435209,826
413.163759718255,826
413.22029128035456,748
413.27681672719666,794
413.3333360561585,765
413.3898492646163,823
413.44635634994626,735
413.5028573095238,798
413.55935214072434,765
413.6158408409223,760
413.6723234074921,779
413.72879983780746,783
413.7852701292418,709
413.841734279168,802
413.8981922849585,738
413.9546441439854,797
414.01108985362026,749
414.06752941123426,770
414.1239628141979,779
414.18039005988163,785
414.2368111456552,762
414.293226068888,804
414.34963482694883,741
414.40603741720616,817
414.4624338370282,788
414.5188240837823,787
414.5752081548357,760
414.6315860475552,784
414.6879577593068,794
414.74432328745644,816
414.8006826293695,753
414.8570357824107,828
414.91338274394474,734
414.9697235113355,777
415.02605808194664,806
415.08238645314117,722
415.1387086222818,762
415.1950245867309,823
415.2513343438501,756
415.3076378910008,791
415.3639352255439,709
415.4202263448399,835
415.47651124624866,731
415.53278992712995,828
415.5890623848428,739
415.645328616746,772
415.7015886201975,743
415.7578423925553,773
415.8140899311767,710
415.87033123341865,779
415.9265662966374,742
415.98279511818924,767
416.03901769542955,778
416.0952340257135,785
416.1514441063956,777
416.20764793483045,787
416.2638455083715,769
416.32003682437215,791
416.37622188018537,736
416.43240067316367,798
416.4885732006588,793
416.5447394600225,786
416.60089944860584,753
416.6570531637596,796
416.7132006028337,743
416.76934176317826,802
416.8254766421424,735
416.88160523707506,812
416.93772754532466,776
416.99384356423934,761
417.0499532911665,797
417.1060567234531,775
417.1621538584461,708
417.21824469349167,774
417.27432922593545,706
417.3304074531228,776
417.38647937239864,785
417.4425449811074,782
417.49860427659297,743
417.5546572561991,809
417.6107039172687,792
417.6667442571445,820
417.7227782731687,725
417.7788059626831,761
417.83482732302906,764
417.89084235154724,806
417.94685104557834,778
418.0028534024623,828
418.05884941953843,772
418.11483909414596,804
418.17082242362363,761
418.22679940530963,821
418.2827700365416,790
418.3387343146569,856
418.39469223699257,782
418.4506438008847,804
418.50658900366955,762
418.56252784268264,803
418.61846031525886,764
418.67438641873304,839
418.7303061504393,744
418.7862195077114,763
418.8421264878827,793
418.89802708828597,816
418.9539213062538,755
419.00980913911803,822
419.06569058421013,751
419.12156563886134,796
419.17743430040224,768
419.2332965661629,827
419.28915243347325,789
419.34500189966263,797
419.40084496205975,742
419.456681617993,734
419.51251186479044,781
419.5683356997796,846
419.62415312028753,724
419.6799641236409,785
419.73576870716596,765
419.7915668681883,882
419.8473586040332,835
419.90314391202566,778
419.9589227894901,776
420.01469523375033,808
420.07046124212997,797
420.1262208119521,839
420.1819739405394,751
420.2377206252139,832
420.29346086329747,808
420.34919465211135,872
420.4049219889764,825
420.460642871213,743
420.51635729614117,814
420.5720652610804,850
420.62776676334977,778
420.6834618002677,780
420.7391503691528,731
420.7948324673224,819
420.850508092094,825
420.90617724078436,807
420.96183991071,748
421.0174960991867,753
421.07314580353005,801
421.1287890210552,840
421.1844257490767,761
421.2400559849085,808
421.2956797258647,732
421.35129696925856,780
421.4069077124026,824
421.4625119526094,818
421.518109687191,728
421.5737009134587,816
421.6292856287237,770
421.68486383029665,864
421.74043551548766,829
421.79600068160636,808
421.8515593259622,766
421.90711144586396,797
421.9626570386199,786
422.0181961015381,822
422.0737286319261,766
422.12925462709086,835
422.1847740843389,772
422.2402870009765,835
422.2957933743095,757
422.351293201643,803
422.40678648028177,747
422.46227320753036,830
422.5177533806927,755
422.5732269970722,826
422.6286940539718,715
422.68415454869444,817
422.7396084785421,799
422.7950558408163,783
422.8504966328186,775
422.9059308518497,775
422.96135849520994,758
423.0167795601992,789
423.07219404411734,749
423.12760194426295,847
423.18300325793484,829
423.2383979824311,863
423.29378611504956,800
423.3491676530873,806
423.40454259384126,801
423.4599109346078,802
423.51527267268295,793
423.57062780536194,820
423.62597632993993,795
423.6813182437116,860
423.736653543971,843
423.7919822280119,810
423.8473042931275,842
423.90261973661063,805
423.9579285557537,810
424.0132307478485,851
424.0685263101867,761
424.1238152400593,895
424.1790975347567,810
424.2343731915692,857
424.2896422077865,841
424.3449045806978,842
424.400160307592,819
424.4554093857573,793
424.51065181248174,800
424.5658875850527,816
424.6211167007574,805
424.67633915688225,837
424.7315549507134,840
424.7867640795366,846
424.84196654063715,742
424.8971623312996,786
424.95235144880854,792
425.007533890448,890
425.06270965350114,821
425.1178787352511,809
425.1730411329805,799
425.22819684397155,822
425.2833458655058,783
425.3384881948644,830
425.39362382932836,758
425.448752766178,803
425.5038750026932,781
425.5589905361532,875
425.6140993638374,797
425.6692014830242,803
425.72429689099164,813
425.77938558501756,856
425.83446756237913,819
425.88954282035303,830
425.9446113562157,771
425.9996731672432,836
426.0547282507108,808
426.1097766038934,849
426.16481822406587,793
426.2198531085022,839
426.274881254476,796
426.32990265926054,830
426.38491732012875,758
426.4399252343527,864
426.4949263992045,805
426.5499208119555,786
426.60490846987676,799
426.65988937023883,803
426.71486351031183,764
426.7698308873654,794
426.8247914986688,753
426.8797453414908,841
426.9346924130997,745
426.98963271076354,866
427.0445662317495,747
427.0994929733249,816
427.15441293275614,800
427.20932610730927,812
427.26423249425,793
427.3191320908436,821
427.3740248943548,786
427.42891090204796,820
427.4837901111869,790
427.5386625190353,888
427.59352812285584,802
427.6483869199113,799
427.70323890746363,764
427.75808408277453,859
427.81292244310526,792
427.86775398571655,849
427.92257870786887,801
427.97739660682197,774
428.03220767983527,809
428.0870119241677,862
428.14180933707803,792
428.19659991582415,780
428.25138365766384,781
428.3061605598543,838
428.36093061965227,761
428.415693834314,856
428.4704502010955,814
428.5251997172522,806
428.57994238003886,829
428.6346781867103,802
428.6894071345205,764
428.74412922072315,821
428.79884444257135,797
428.8535527973179,822
428.90825428221524,779
428.9629488945151,818
429.017636631469,780
429.07231749032786,862
429.1269914683423,757
429.18165856276227,801
429.2363187708375,771
429.29097208981716,824
429.34561851695014,801
429.40025804948453,782
429.4548906846684,800
429.5095164197491,857
429.56413525197354,798
429.61874717858825,770
429.67335219683946,755
429.72795030397276,792
429.7825414972331,818
429.83712577386564,847
429.89170313111447,717
429.94627356622334,787
430.00083707643586,824
430.05539365899494,829
430.1099433111431,785
430.1644860301223,756
430.21902181317444,765
430.27355065754057,850
430.32807256046135,760
430.3825875191772,846
430.437095530928,778
430.49159659295304,830
430.5460907024912,763
430.60057785678134,782
430.65505805306134,743
430.7095312885687,811
430.7639975605409,771
430.8184568662145,801
430.8729092028258,809
430.92735456761056,813
430.9817929578044,751
431.0362243706421,775
431.0906488033583,774
431.14506625318705,854
431.19947671736185,736
431.2538801931161,803
431.30827667768233,749
431.36266616829295,811
431.41704866217975,803
431.4714241565742,812
431.5257926487071,735
431.5801541358092,792
431.6345086151104,755
431.68885608384034,809
431.7431965392281,810
431.79752997850267,819
431.85185639889215,778
431.90617579762437,811
431.96048817192684,786
432.0147935190264,793
432.06909183614954,741
432.1233831205224,817
432.1776673693707,753
432.2319445799194,785
432.28621474939325,808
432.3404778750167,786
432.3947339540134,800
432.4489829836068,790
432.50322496101984,768
432.5574598834752,840
432.61168774819464,783
432.66590855239997,838
432.7201222933123,811
432.77432896815225,820
432.82852857414025,836
432.88272110849607,829
432.9369065684391,773
432.99108495118827,851
433.04525625396207,772
433.0994204739785,830
433.1535776084553,798
433.2077276546096,816
433.2618706096579,809
433.31600647081683,768
433.37013523530186,795
433.42425690032866,771
433.47837146311196,782
433.5324789208664,840
433.5865792708059,774
433.6406725101441,809
433.6947586360942,733
433.74883764586883,787
433.8029095366804,822
433.85697430574055,801
433.9110319502608,820
433.9650824674519,792
434.0191258545246,741
434.07316210868873,757
434.1271912271539,786
434.18121320712936,836
434.23522804582376,806
434.2892357404454,784
434.34323628820204,790
434.39722968630093,787
434.4512159319493,764
434.5051950223534,801
434.55916695471933,768
434.6131317262527,825
434.66708933415856,833
434.7210397756417,864
434.7749830479064,890
434.82891914815644,856
434.882848073595,798
434.93676982142534,882
434.9906843888497,820
435.0445917730702,855
